[{"title":"Dirty Grandpa","category":"2010s","url":"/films/dirty-grandpa"},{"title":"United Passions","category":"2010s","url":"/films/united-passions"},{"title":"Saving Christmas","category":"2010s","url":"/films/saving-christmas"},{"title":"Humshakals","category":"2010s","url":"/films/humshakals"},{"title":"Fateful Findings","category":"2010s","url":"/films/fateful-findings"},{"title":"Movie 43","category":"2010s","url":"/films/movie-43"},{"title":"Run for Your Wife","category":"2010s","url":"/films/run-for-your-wife"},{"title":"That's My Boy","category":"2010s","url":"/films/that-s-my-boy"},{"title":"Jack and Jill","category":"2010s","url":"/films/jack-and-jill"},{"title":"Bucky Larson: Born to Be a Star","category":"2010s","url":"/films/bucky-larson--born-to-be-a-star"},{"title":"The Last Airbender","category":"2010s","url":"/films/the-last-airbender"},{"title":"Birdemic: Shock and Terror","category":"2010s","url":"/films/birdemic--shock-and-terror"},{"title":"The Hottie and the Nottie","category":"2000s","url":"/films/the-hottie-and-the-nottie"},{"title":"Disaster Movie","category":"2000s","url":"/films/disaster-movie"},{"title":"Aag","category":"2000s","url":"/films/aag"},{"title":"Alone in the Dark","category":"2000s","url":"/films/alone-in-the-dark"},{"title":"Superbabies: Baby Geniuses 2","category":"2000s","url":"/films/superbabies--baby-geniuses-2"},{"title":"Daniel – Der Zauberer (Daniel – The Wizard)","category":"2000s","url":"/films/daniel---der-zauberer--daniel---the-wizard-"},{"title":"Catwoman","category":"2000s","url":"/films/catwoman"},{"title":"Sex Lives of the Potato Men","category":"2000s","url":"/films/sex-lives-of-the-potato-men"},{"title":"Gigli","category":"2000s","url":"/films/gigli"},{"title":"The Room","category":"2000s","url":"/films/the-room"},{"title":"From Justin to Kelly","category":"2000s","url":"/films/from-justin-to-kelly"},{"title":"Ben and Arthur","category":"2000s","url":"/films/ben-and-arthur"},{"title":"Ballistic: Ecks vs. Sever","category":"2000s","url":"/films/ballistic--ecks-vs--sever"},{"title":"The Master of Disguise","category":"2000s","url":"/films/the-master-of-disguise"},{"title":"Glitter","category":"2000s","url":"/films/glitter"},{"title":"Freddy Got Fingered","category":"2000s","url":"/films/freddy-got-fingered"},{"title":"Titanic: The Legend Goes On","category":"2000s","url":"/films/titanic--the-legend-goes-on"},{"title":"Honest","category":"2000s","url":"/films/honest"},{"title":"Battlefield Earth","category":"2000s","url":"/films/battlefield-earth"},{"title":"The Underground Comedy Movie","category":"1990s","url":"/films/the-underground-comedy-movie"},{"title":"Parting Shots","category":"1990s","url":"/films/parting-shots"},{"title":"Cinderela Baiana (Bahian Cinderella)","category":"1990s","url":"/films/cinderela-baiana--bahian-cinderella-"},{"title":"The Avengers","category":"1990s","url":"/films/the-avengers"},{"title":"Batman & Robin","category":"1990s","url":"/films/batman---robin"},{"title":"Le Jour et la Nuit (Day and Night)","category":"1990s","url":"/films/le-jour-et-la-nuit--day-and-night-"},{"title":"Striptease","category":"1990s","url":"/films/striptease"},{"title":"Showgirls","category":"1990s","url":"/films/showgirls"},{"title":"Dis – en historie om kjærlighet (A Story About Love)","category":"1990s","url":"/films/dis---en-historie-om-kj-rlighet--a-story-about-love-"},{"title":"North","category":"1990s","url":"/films/north"},{"title":"Cattive ragazze (Bad Girls)","category":"1990s","url":"/films/cattive-ragazze--bad-girls-"},{"title":"Highlander 2: The Quickening","category":"1990s","url":"/films/highlander-2--the-quickening"},{"title":"Troll 2","category":"1990s","url":"/films/troll-2"},{"title":"Things","category":"1980s","url":"/films/things"},{"title":"Mac and Me","category":"1980s","url":"/films/mac-and-me"},{"title":"Hobgoblins","category":"1980s","url":"/films/hobgoblins"},{"title":"Leonard Part 6","category":"1980s","url":"/films/leonard-part-6"},{"title":"The Garbage Pail Kids Movie","category":"1980s","url":"/films/the-garbage-pail-kids-movie"},{"title":"Superman IV: The Quest for Peace","category":"1980s","url":"/films/superman-iv--the-quest-for-peace"},{"title":"Nukie","category":"1980s","url":"/films/nukie"},{"title":"Ishtar","category":"1980s","url":"/films/ishtar"},{"title":"Howard the Duck","category":"1980s","url":"/films/howard-the-duck"},{"title":"Cannonball Run II","category":"1980s","url":"/films/cannonball-run-ii"},{"title":"Dünyayı Kurtaran Adam (The Man Who Saved the World)","category":"1980s","url":"/films/d-nyay--kurtaran-adam--the-man-who-saved-the-world-"},{"title":"Mommie Dearest","category":"1980s","url":"/films/mommie-dearest"},{"title":"Tarzan, the Ape Man","category":"1980s","url":"/films/tarzan--the-ape-man"},{"title":"Inchon","category":"1980s","url":"/films/inchon"},{"title":"Heaven's Gate","category":"1980s","url":"/films/heaven-s-gate"},{"title":"Caligula","category":"1970s","url":"/films/caligula"},{"title":"I Spit on Your Grave","category":"1970s","url":"/films/i-spit-on-your-grave"},{"title":"The Swarm","category":"1970s","url":"/films/the-swarm"},{"title":"Exorcist II: The Heretic","category":"1970s","url":"/films/exorcist-ii--the-heretic"},{"title":"At Long Last Love","category":"1970s","url":"/films/at-long-last-love"},{"title":"Bat Pussy","category":"1970s","url":"/films/bat-pussy"},{"title":"An American Hippie in Israel","category":"1970s","url":"/films/an-american-hippie-in-israel"},{"title":"Zaat","category":"1970s","url":"/films/zaat"},{"title":"Myra Breckinridge","category":"1970s","url":"/films/myra-breckinridge"},{"title":"A Place for Lovers","category":"1960s","url":"/films/a-place-for-lovers"},{"title":"Manos: The Hands of Fate","category":"1960s","url":"/films/manos--the-hands-of-fate"},{"title":"Monster a Go-Go!","category":"1960s","url":"/films/monster-a-go-go-"},{"title":"Santa Claus Conquers the Martians","category":"1960s","url":"/films/santa-claus-conquers-the-martians"},{"title":"The Incredibly Strange Creatures Who Stopped Living and Became Mixed-Up Zombies","category":"1960s","url":"/films/the-incredibly-strange-creatures-who-stopped-living-and-became-mixed-up-zombies"},{"title":"The Horror of Party Beach","category":"1960s","url":"/films/the-horror-of-party-beach"},{"title":"The Creeping Terror","category":"1960s","url":"/films/the-creeping-terror"},{"title":"Eegah","category":"1960s","url":"/films/eegah"},{"title":"The Beast of Yucca Flats","category":"1960s","url":"/films/the-beast-of-yucca-flats"},{"title":"Plan 9 from Outer Space","category":"1950s","url":"/films/plan-9-from-outer-space"},{"title":"Fire Maidens from Outer Space","category":"1950s","url":"/films/fire-maidens-from-outer-space"},{"title":"The Conqueror","category":"1950s","url":"/films/the-conqueror"},{"title":"Robot Monster","category":"1950s","url":"/films/robot-monster"},{"title":"Glen or Glenda","category":"1950s","url":"/films/glen-or-glenda"},{"title":"The Babe Ruth Story","category":"1940s","url":"/films/the-babe-ruth-story"},{"title":"No Orchids for Miss Blandish","category":"1940s","url":"/films/no-orchids-for-miss-blandish"},{"title":"Reefer Madness","category":"1930s","url":"/films/reefer-madness"}]